modality,mean_abs_shap,share
t1c,1.3654491215000872,0.5588488956569351
flair,0.760916997196932,0.31142692677038675
clinical,0.3169582434187576,0.12972417757267815
